"part","lucas_source_url","video_id","exact_caption","website_name","canonical_url","match_confidence","evidence_summary","verification_status","current_function","access_type","api_available","mcp_available","cli_available","agent_accessible","checked_at","evidence_sources"
683,"https://www.tiktok.com/@lucaswebq/video/7653516171005775126","7653516171005775126","Powerful Websites You Should Know (Part 683) Find thousands of lecture videos, notes, problems sets, exams, answers to any topic or college course. #student #stem #studytok #lucaswebq","MIT OpenCourseWare","https://ocw.mit.edu/","Confirmed","Official TikTok oEmbed binds the Lucas video ID to Part 683 and the exact caption. Search indexing for that exact video identifies MIT OpenCourseWare, whose official site independently offers lecture notes, exams, videos, assignments, and problem sets.","Verified public canonical site and function","Free MIT course materials including lecture notes, exams, videos, assignments, and problem sets.","Free public web; no registration required","Unknown","Unknown","Unknown","Yes for public-page research; respect site terms, robots, and Creative Commons license conditions.","2026-08-28T17:55:10Z","https://www.tiktok.com/oembed?url=https%3A%2F%2Fwww.tiktok.com%2F%40lucaswebq%2Fvideo%2F7653516171005775126 | https://www.tiktok.com/@lucaswebq/video/7653516171005775126 | https://ocw.mit.edu/"
704,"https://www.tiktok.com/@lucaswebq/video/7661680143441661207","7661680143441661207","Powerful Websites You Should Know (Part 704) Learn almost any song on guitar, piano and other instruments. #piano #guitar #pianotutorial #lucaswebq","Yousician","https://yousician.com/","Confirmed","Official TikTok oEmbed binds the Lucas video ID to Part 704 and the exact caption. TikTok discovery indexing associates the exact Part 704 post with Yousician, and Yousician independently verifies lessons and song libraries for guitar, piano, bass, ukulele, and singing.","Verified public canonical site and function","Interactive instrument lessons and song-based practice with real-time feedback.","Freemium web/mobile/desktop app; paid Premium tiers","Unknown","Unknown","Unknown","Limited: public product research is accessible; personalized lessons require an account and some content requires subscription.","2026-08-28T17:55:10Z","https://www.tiktok.com/oembed?url=https%3A%2F%2Fwww.tiktok.com%2F%40lucaswebq%2Fvideo%2F7661680143441661207 | https://www.tiktok.com/discover/a-website-that-can-hear-and-help-you-learn-guitar | https://yousician.com/"
731,"https://www.tiktok.com/@lucaswebq/video/7671698926679919894","7671698926679919894","Powerful Websites You Should Know (Part 731) Build almost anything you can think of. #animation #developer #programming #lucaswebq","","","Pending","Official TikTok oEmbed confirms the exact Lucas Part and caption, but the caption is non-unique and no exact-video domain or reliable Lucas-linked website identity was recovered.","Lucas post verified; website identity unresolved","Caption suggests a general building/programming/animation tool.","Unknown","Unknown","Unknown","Unknown","Pending website identity.","2026-08-28T17:55:10Z","https://www.tiktok.com/oembed?url=https%3A%2F%2Fwww.tiktok.com%2F%40lucaswebq%2Fvideo%2F7671698926679919894 | https://www.tiktok.com/@lucaswebq/video/7671698926679919894"
735,"https://www.tiktok.com/@lucaswebq/video/7673180903350340886","7673180903350340886","Powerful Websites You Should Know (Part 735) Learn how to do almost anything. #student #studytok #3dmodel #lucaswebq","","","Pending","Official TikTok oEmbed confirms the exact Lucas Part and caption. The wording and hashtags did not uniquely identify a website, so no identity was assigned.","Lucas post verified; website identity unresolved","Caption suggests instructional content, possibly involving 3D models.","Unknown","Unknown","Unknown","Unknown","Pending website identity.","2026-08-28T17:55:10Z","https://www.tiktok.com/oembed?url=https%3A%2F%2Fwww.tiktok.com%2F%40lucaswebq%2Fvideo%2F7673180903350340886 | https://www.tiktok.com/@lucaswebq/video/7673180903350340886"
736,"https://www.tiktok.com/@lucaswebq/video/7673554479370849558","7673554479370849558","Powerful Websites You Should Know (Part 736) Access an all in one AI assistant that can plan your week, write scripts, summarise documents, organise everything! #dola #uk #productivity #lucaswebq","Dola AI","https://dola.com/","Confirmed","Official TikTok oEmbed binds Part 736 to a caption explicitly tagged #dola. Dola's official site identifies itself as an everyday AI assistant, while official app listings independently verify summarization and organization functions.","Verified public canonical site and function","General-purpose AI assistant for planning, writing, summarization, and organization.","Public web and mobile apps; account may be required for use","Unknown","Unknown","Unknown","Limited: public site is accessible, but assistant use may require account/app interaction.","2026-08-28T17:55:10Z","https://www.tiktok.com/oembed?url=https%3A%2F%2Fwww.tiktok.com%2F%40lucaswebq%2Fvideo%2F7673554479370849558 | https://www.tiktok.com/@lucaswebq/video/7673554479370849558 | https://dola.com/ | https://play.google.com/store/apps/details?id=com.larus.wolf"
737,"https://www.tiktok.com/@lucaswebq/video/7673931215174421782","7673931215174421782","Powerful Websites You Should Know (Part 737) Create workflows instantly. #productivity #student #creator #lucaswebq","","","Pending","Search indexing of the original Lucas TikTok preserves the exact video ID, Part, and caption. The phrase is shared by many workflow products and no exact-video domain evidence was recovered.","Lucas post verified through original-post indexing; website identity unresolved","Caption suggests instant workflow creation.","Unknown","Unknown","Unknown","Unknown","Pending website identity.","2026-08-28T17:55:10Z","https://www.tiktok.com/@lucaswebq/video/7673931215174421782"
741,"https://www.tiktok.com/@lucaswebq/video/7675406339895610646","7675406339895610646","","GrabCraft","https://www.grabcraft.com/","Probable","Original Lucas-post indexing confirms Part 741 and the caption prefix 'Learn step-by-step how to...'. Lucas Instagram indexing for Part 741 describes a library of Minecraft builds from starter houses to castles, portals, and redstone farms. GrabCraft independently matches that function with Minecraft blueprints and step-by-step, layer-based build instructions. The exact full TikTok caption/domain frame was not recovered, so the match remains Probable.","Canonical site and matching function verified; exact post-to-domain binding incomplete","Minecraft build blueprints, floor plans, material counts, and layer-by-layer instructions.","Free public web","Unknown","Unknown","Unknown","Yes for public-page research; no structured agent interface verified.","2026-08-28T17:55:10Z","https://www.tiktok.com/@lucaswebq/video/7675406339895610646 | https://www.instagram.com/reel/DcMBkdWI8ht/ | https://www.grabcraft.com/"
743,"https://www.tiktok.com/@lucaswebq/video/7676147643696876822","7676147643696876822","Powerful Websites You Should Know (Part 743) Find owners manual, repair guides and fuse box diagrams for any car. #cartok #mechanic #repair #lucaswebq","StartMyCar","https://www.startmycar.com/","Confirmed","Official TikTok oEmbed binds the Lucas video ID to Part 743 and the exact caption. TikTok topic/discovery indexing connects that exact Part 743 caption to StartMyCar, and the public StartMyCar site independently verifies vehicle problem/solution and make/model resources.","Verified public canonical site; exact content sections are vehicle-dependent","Vehicle problem knowledge base plus owner/manual, repair, and fuse-diagram resources organized by make/model.","Free public web with optional community participation","Unknown","Unknown","Unknown","Yes for public-page research; no structured agent interface verified.","2026-08-28T17:55:10Z","https://www.tiktok.com/oembed?url=https%3A%2F%2Fwww.tiktok.com%2F%40lucaswebq%2Fvideo%2F7676147643696876822 | https://www.tiktok.com/topic/start-my-car | https://www.startmycar.com/"
744,"https://www.tiktok.com/@lucaswebq/video/7676520158701030688","7676520158701030688","Powerful Websites You Should Know (Part 744) Massive library with almost any course from top institutions with certificates. #student #studytok #stem #lucaswebq","Coursera Plus","https://www.coursera.org/courseraplus","Probable","Official TikTok oEmbed binds the Lucas video ID to Part 744 and the exact caption. Lucas's current official Linktree includes Coursera Plus, and Coursera Plus independently matches the caption with 10,000+ programs from 350+ universities/companies and certificates. Exact video-frame/domain evidence was not recovered, so the mapping is Probable.","Canonical site and matching function verified; exact post-to-domain binding incomplete","Subscription access to thousands of online courses and certificate programs from universities and companies.","Paid subscription; individual courses may have separate access options","Unknown","Unknown","Unknown","Limited: public catalog research is accessible; coursework/certificates require user enrollment and often payment.","2026-08-28T17:55:10Z","https://www.tiktok.com/oembed?url=https%3A%2F%2Fwww.tiktok.com%2F%40lucaswebq%2Fvideo%2F7676520158701030688 | https://linktr.ee/lucaswebq | https://www.coursera.org/courseraplus"
745,"https://www.tiktok.com/@lucaswebq/video/7676892079577976096","7676892079577976096","Powerful Websites You Should Know (Part 745) Create professional videos for your brand! Select from templates, create your own videos, then schedule with cross-posting. #videoediting #editingtips #contentcreation #lucaswebq","","","Pending","Official TikTok oEmbed confirms the exact Lucas Part and caption. Several products match the generic video-template and cross-posting feature set, but no exact-video domain evidence was recovered.","Lucas post verified; website identity unresolved","Caption suggests branded video creation from templates plus social scheduling/cross-posting.","Unknown","Unknown","Unknown","Unknown","Pending website identity.","2026-08-28T17:55:10Z","https://www.tiktok.com/oembed?url=https%3A%2F%2Fwww.tiktok.com%2F%40lucaswebq%2Fvideo%2F7676892079577976096 | https://www.tiktok.com/@lucaswebq/video/7676892079577976096"
746,"https://www.tiktok.com/@lucaswebq/video/7677262872535223585","7677262872535223585","Powerful Websites You Should Know (Part 746) Learn how to play almost any song on guitar or piano. #guitar #piano #musician #lucaswebq","","","Pending","Official TikTok oEmbed confirms the exact Lucas Part and caption. The wording overlaps multiple music-learning sites and a prior Lucas Part, so the website is intentionally left unresolved without exact-video domain evidence.","Lucas post verified; website identity unresolved","Caption suggests guitar/piano song-learning guidance.","Unknown","Unknown","Unknown","Unknown","Pending website identity.","2026-08-28T17:55:10Z","https://www.tiktok.com/oembed?url=https%3A%2F%2Fwww.tiktok.com%2F%40lucaswebq%2Fvideo%2F7677262872535223585 | https://www.tiktok.com/@lucaswebq/video/7677262872535223585"
748,"https://www.tiktok.com/@lucaswebq/video/7678005208135322883","7678005208135322883","Powerful Websites You Should Know (Part 748) Build your dream home in 3D. #interiordesign #design #homedecor #lucaswebq","","","Pending","Official TikTok oEmbed confirms the exact Lucas Part and caption. Multiple public home-design products fit the short caption and no exact-video domain/frame evidence was recovered.","Lucas post verified; website identity unresolved","Caption suggests browser/app-based 3D home or interior design.","Unknown","Unknown","Unknown","Unknown","Pending website identity.","2026-08-28T17:55:10Z","https://www.tiktok.com/oembed?url=https%3A%2F%2Fwww.tiktok.com%2F%40lucaswebq%2Fvideo%2F7678005208135322883 | https://www.tiktok.com/@lucaswebq/video/7678005208135322883"
749,"https://www.tiktok.com/@lucaswebq/video/7678376034017742102","7678376034017742102","Powerful Websites You Should Know (Part 749) Create landing pages, pitch decks, brand kits, websites, product videos and workflows all in one place. #design #developer #productivity #lucaswebq","Runable","https://runable.com/","Probable","Official TikTok oEmbed binds the Lucas video ID to Part 749 and the exact caption. Runable's official site and documentation independently match the distinctive combination of websites/landing pages, slides/pitch decks, videos, brand assets, and workflows. Exact frame/domain evidence was not recovered, so the mapping is Probable.","Canonical site and distinctive matching function verified; exact post-to-domain binding incomplete","General AI agent for creating websites, slides, videos, images, reports, and repeatable workflows.","Free tier plus paid plans; account required for creation","Unknown","Unknown","Unknown","Yes through its own AI-agent interface; external API/MCP/CLI availability not verified.","2026-08-28T17:55:10Z","https://www.tiktok.com/oembed?url=https%3A%2F%2Fwww.tiktok.com%2F%40lucaswebq%2Fvideo%2F7678376034017742102 | https://runable.com/ | https://docs.runable.com | https://runable.com/workflows"
